{
  "name": "angular-simple-logger",
  "version": "0.0.4",
  "description": "Basic logger with level logging which can also be independent.",
  "main": "./dist/angular-simple-logger.js",
  "homepage": "https://github.com/nmccready/angular-simple-logger",
  "repository": {
    "type": "git",
    "url": "git://github.com/nmccready/angular-simple-logger.git"
  },
  "author": "Nicholas McCready",
  "license": "MIT",
  "dependencies": {
    "angular": "^1.2"
  },
  "devDependencies": {
    "angular-mocks": "^1.2"
  },
  "_release": "0.0.4",
  "_resolution": {
    "type": "version",
    "tag": "0.0.4",
    "commit": "422d803738f936bf37c70da5701923b859fa0838"
  },
  "_source": "https://github.com/nmccready/angular-simple-logger.git",
  "_target": "~0.0.1",
  "_originalSource": "angular-simple-logger"
}